epoch,edge_sharpness_metric,loss,mae,ssim_metric,val_edge_sharpness_metric,val_loss,val_mae,val_ssim_metric
0,0.08184301853179932,0.0809539407491684,0.0860482007265091,0.6093756556510925,0.12748976051807404,0.05026574432849884,0.043993160128593445,0.736737072467804
1,0.1396733522415161,0.04779662936925888,0.04203050956130028,0.7442174553871155,0.14205773174762726,0.04495348408818245,0.03947284817695618,0.7595803141593933
2,0.1434374898672104,0.045008011162281036,0.03940162435173988,0.757440984249115,0.13940875232219696,0.044132910668849945,0.03793760761618614,0.7630001306533813
3,0.14401809871196747,0.04408873990178108,0.03784707933664322,0.7615914344787598,0.14365598559379578,0.043510690331459045,0.03631311655044556,0.7651640176773071
4,0.14429962635040283,0.04350200667977333,0.0363038033246994,0.764042854309082,0.14681828022003174,0.04303987696766853,0.03462381660938263,0.7666805386543274
5,0.14449442923069,0.04297557473182678,0.03440265357494354,0.7661747932434082,0.14541631937026978,0.0425979420542717,0.033465512096881866,0.7686272263526917
6,0.14462415874004364,0.04254068434238434,0.03340541943907738,0.7681921124458313,0.14472223818302155,0.04223193973302841,0.03258468210697174,0.7703811526298523
7,0.1446515917778015,0.04219429939985275,0.03285526856780052,0.7699121236801147,0.14533527195453644,0.041915517300367355,0.032116521149873734,0.7719263434410095
8,0.14474166929721832,0.04189438745379448,0.032504189759492874,0.7714603543281555,0.14407221972942352,0.041630201041698456,0.0318068265914917,0.7734295129776001
9,0.14492465555667877,0.04161874204874039,0.03224186226725578,0.7728939056396484,0.14529001712799072,0.04133661463856697,0.03161061555147171,0.774970293045044
10,0.14519256353378296,0.04136871173977852,0.032066475600004196,0.7742228507995605,0.14344364404678345,0.04108600318431854,0.03126636520028114,0.7763434052467346
11,0.14549152553081512,0.04111718013882637,0.0318693146109581,0.7755640149116516,0.14665326476097107,0.040824614465236664,0.03137899562716484,0.7776386141777039
12,0.1457710564136505,0.04089509695768356,0.03171667084097862,0.7767621874809265,0.14564287662506104,0.04056568443775177,0.03119846247136593,0.7790594696998596
13,0.14608734846115112,0.040685515850782394,0.03160164877772331,0.7778946757316589,0.1472267061471939,0.04032300040125847,0.03112032264471054,0.7803992033004761
14,0.14638808369636536,0.040479760617017746,0.03148725628852844,0.7790181636810303,0.14321090281009674,0.04013751819729805,0.030774615705013275,0.7815210819244385
15,0.14664551615715027,0.040295276790857315,0.03136565536260605,0.7800208330154419,0.14478078484535217,0.03989150747656822,0.03072950802743435,0.7828143835067749
16,0.14689546823501587,0.0401226207613945,0.03126765415072441,0.7809565663337708,0.14728404581546783,0.03967532142996788,0.030557837337255478,0.7838557958602905
17,0.14715668559074402,0.03996307775378227,0.031167706474661827,0.7818259000778198,0.14572663605213165,0.039521005004644394,0.03038131259381771,0.7847837805747986
18,0.14737077057361603,0.03981888294219971,0.031070977449417114,0.7825936079025269,0.1466061919927597,0.03941824287176132,0.030470581725239754,0.7853284478187561
19,0.14752058684825897,0.03968895971775055,0.03098256327211857,0.78330397605896,0.1491476595401764,0.03923999145627022,0.0305541530251503,0.7862562537193298
20,0.14772139489650726,0.03956751152873039,0.030869701877236366,0.7839623093605042,0.14733999967575073,0.03907918557524681,0.030064847320318222,0.7871029376983643
21,0.14794623851776123,0.039438631385564804,0.030750740319490433,0.784636914730072,0.14723068475723267,0.03899155184626579,0.03011023998260498,0.7876174449920654
22,0.14811301231384277,0.03932004049420357,0.030578643083572388,0.7852704524993896,0.14361965656280518,0.038925595581531525,0.029614202678203583,0.788053035736084
23,0.14825014770030975,0.03922127187252045,0.030413197353482246,0.7857816815376282,0.14605316519737244,0.0387430377304554,0.029425017535686493,0.7889118790626526
24,0.14838197827339172,0.03910648822784424,0.030127817764878273,0.7863734364509583,0.1485988348722458,0.03858744725584984,0.029253490269184113,0.7896234393119812
25,0.14857955276966095,0.03900261968374252,0.029846860095858574,0.7868841886520386,0.15027478337287903,0.038488682359457016,0.029003897681832314,0.7900940179824829
26,0.14870727062225342,0.03889986127614975,0.02950420044362545,0.7874035239219666,0.144109845161438,0.03846804425120354,0.028439125046133995,0.7903716564178467
27,0.14882691204547882,0.038809288293123245,0.029209764674305916,0.7878657579421997,0.14578232169151306,0.03833765536546707,0.028395285829901695,0.7910050749778748
28,0.1489540934562683,0.03872303292155266,0.02893620915710926,0.7883037328720093,0.15037275850772858,0.03819696232676506,0.02810482308268547,0.7915642261505127
29,0.14909112453460693,0.0386456623673439,0.028763385489583015,0.7886913418769836,0.1504918336868286,0.03810391575098038,0.027786782011389732,0.7920457124710083
