timestamp,owner,original_name,original_filename,input_filename,output_filename
2026-09-07T04:26:30+00:00,gaddammayur65@gmail.com,Highway_9.jpg,original_622ab36f.png,input_622ab36f.png,output_622ab36f.png
2026-09-07T04:27:30+00:00,gaddammayur65@gmail.com,Highway_5.jpg,original_2615e705.png,input_2615e705.png,output_2615e705.png
2026-09-07T06:20:29+00:00,gaddammayur65@gmail.com,Highway_26.jpg,original_1423c458.png,input_1423c458.png,output_1423c458.png
2026-09-07T10:52:14+00:00,gaddammayur65@gmail.com,Highway_9.jpg,original_20a07183.png,input_20a07183.png,output_20a07183.png
2026-09-12T13:22:32+00:00,gaddammayur65@gmail.com,44QLH_2026-06-06.tif,original_2428f6ba.png,input_2428f6ba.png,output_2428f6ba.png
2026-09-12T17:01:43+00:00,gaddammayur65@gmail.com,44QLF_2026-08-10.tif,original_128f5303.png,input_128f5303.png,output_128f5303.png
2026-09-12T17:01:50+00:00,gaddammayur65@gmail.com,44QLF_2026-08-10.tif,original_3bee629a.png,input_3bee629a.png,output_3bee629a.png
2026-09-12T17:51:50+00:00,gaddammayur65@gmail.com,44QLG_2026-06-01.tif,original_49be6e74.png,input_49be6e74.png,output_49be6e74.png
2026-09-12T17:52:04+00:00,gaddammayur65@gmail.com,44QLG_2026-06-01.tif,original_0fe96814.png,input_0fe96814.png,output_0fe96814.png
