epoch,loss,mae,ssim_metric,val_loss,val_mae,val_ssim_metric
0,0.06548265367746353,0.0704149380326271,0.711316704750061,0.05170673504471779,0.04152296110987663,0.7571327090263367
1,0.049651023000478745,0.033821895718574524,0.7632747888565063,0.04844582453370094,0.030055003240704536,0.7679266929626465
2,0.047954510897397995,0.029265517368912697,0.769991934299469,0.04757549613714218,0.029466265812516212,0.7719488143920898
3,0.04727818816900253,0.028243180364370346,0.7729706168174744,0.04706345871090889,0.027898777276277542,0.7739124298095703
4,0.046915389597415924,0.027732791379094124,0.7746325731277466,0.04676184803247452,0.028128420934081078,0.7755076885223389
5,0.04666901379823685,0.027431700378656387,0.7756795883178711,0.046523675322532654,0.02736346423625946,0.7764496803283691
6,0.04648229852318764,0.027139825746417046,0.7765567898750305,0.04634077101945877,0.027142206206917763,0.7772868871688843
7,0.04633810743689537,0.026949696242809296,0.7771722078323364,0.046175938099622726,0.02669549360871315,0.7779647707939148
8,0.046221427619457245,0.02678876928985119,0.7777024507522583,0.046079929918050766,0.026948723942041397,0.7784873843193054
9,0.04611450806260109,0.02667170763015747,0.7782126069068909,0.04602719098329544,0.0271113533526659,0.7787606716156006
10,0.04602225497364998,0.026553135365247726,0.778659999370575,0.04607902467250824,0.02883576601743698,0.7789604067802429
11,0.04593270272016525,0.02643975056707859,0.7790275812149048,0.045759670436382294,0.026147278025746346,0.7798459529876709
12,0.04584226757287979,0.02631000615656376,0.7794075012207031,0.045719217509031296,0.026326416060328484,0.7801738381385803
13,0.04577166214585304,0.026431897655129433,0.7798784971237183,0.04561924561858177,0.026255760341882706,0.780627429485321
14,0.045688446611166,0.026238294318318367,0.7801855802536011,0.04561089724302292,0.026150837540626526,0.7805418968200684
15,0.04563053324818611,0.02623097039759159,0.7804375290870667,0.045501288026571274,0.026446279138326645,0.7811776995658875
16,0.045577406883239746,0.026158198714256287,0.7807159423828125,0.04546793922781944,0.0257005225867033,0.7811793088912964
17,0.04552484676241875,0.026094956323504448,0.7809316515922546,0.045436471700668335,0.02630719356238842,0.7816176414489746
18,0.04547905549407005,0.02607051469385624,0.7811540365219116,0.045455992221832275,0.026863520964980125,0.7817962169647217
19,0.045436959713697433,0.02601289190351963,0.7814167737960815,0.04531685635447502,0.02601625956594944,0.782085657119751
20,0.045389264822006226,0.025962067767977715,0.7816277742385864,0.045246023684740067,0.025956956669688225,0.7823619246482849
21,0.04535064846277237,0.025893231853842735,0.781772255897522,0.04535621032118797,0.027402305975556374,0.7821839451789856
22,0.04532082751393318,0.02589639090001583,0.7819236516952515,0.04524189233779907,0.025818319991230965,0.7822569012641907
23,0.04528877139091492,0.025833595544099808,0.7820815443992615,0.04514756426215172,0.025688521564006805,0.7828368544578552
24,0.045266151428222656,0.0258729699999094,0.7821828722953796,0.04518609493970871,0.025909118354320526,0.7826857566833496
25,0.04523981362581253,0.025898780673742294,0.7822873592376709,0.045118194073438644,0.025986725464463234,0.783032238483429
26,0.04520474001765251,0.025821100920438766,0.7824941277503967,0.04507898539304733,0.025565680116415024,0.7830450534820557
27,0.04518291726708412,0.025875398889183998,0.7825724482536316,0.04509980231523514,0.026403633877635002,0.7831997275352478
28,0.0451582670211792,0.025795960798859596,0.7826829552650452,0.045046936720609665,0.026222115382552147,0.7834160327911377
29,0.04513423517346382,0.025756711140275,0.7828245759010315,0.04514303430914879,0.026407921686768532,0.7829388976097107
